first_name	last_name
Cristen	Bowshire
Tess	Maytom
Orson	Eberle
Nelie	Littlechild
Cristin	Margiotta
Adeline	Twigg
Bay	Gowdridge
Willa	Stenyng
Julian	Di Baudi
Dana	Flather
Caria	Eland
Darius	Cook
Loella	Bendtsen
Adolphus	Farden
Jamaal	Giraudo
Carole	Larver
Hyatt	Mager
Dulce	Sirl
Cassie	Westmore
Adey	Ibbett
Thelma	Dawidowsky
Nicholas	Tythacott
Norton	Easun
Sunny	Claybourn
Cecil	Drogan
Domingo	Wolters
Arthur	Savage
Ottilie	Dalley
Joela	Pietroni
Jaquenetta	Bramall
Tillie	Harbour
Mill	Teml
Horst	Ivanets
Clarice	Sauniere
Hi	Baud
Thomasa	Faragan
Tybie	Gregoretti
Garold	Record
Tully	Benoist
Salim	Petche
Engelbert	Hamflett
Gay	Faulks
Wilow	Dewerson
Kay	Klimpke
Meridel	Tailour
Herc	Gladhill
Cristina	Hagerty
Hasheem	Roseveare
Sly	Edler
Hirsch	Lazenbury
Marnia	Camilio
Teddi	O'Callaghan
Faun	Prandi
Calli	Gonnely
Lillian	Prinn
Gian	Wellman
Tonye	Wenden
Katrina	Norcott
Rozele	Daniellot
Peri	Hunnawill
Nils	Lideard
Bud	Longhi
Worth	Deverock
Jed	Hollow
Helsa	Matashkin
Say	Jeffcock
Fidole	Pinnell
Ambrosi	Deem
Anthia	Pedrocco
Bren	Erskin
Adena	Stigers
Kinnie	Blader
Alessandro	Adhams
Yorgo	Goldes
Gibby	Kall
Marlie	Skeeles
Gale	Hammant
Elinore	Beenham
Keenan	Biglin
Vittoria	Bocke
Elizabeth	Habbal
Lowell	Giacomuzzo
Gaylord	Shenton
Raff	Extall
Cordi	Kearle
Kile	Alfonzo
Vyky	Klosges
Fons	Wilbore
Selinda	Chaperlin
Fifi	Stegers
Pietrek	Charnock
Deck	Buxy
Jordan	McKenney
Daren	Gocher
Ralph	Burstowe
Faustine	Hatz
Kati	Beardwell
Veda	Collop
Aime	Beathem
Augustina	O'Brallaghan
